Con,Contp,PP,PPName,Reg,AgtId,Ver,Agt,Dat,Status,Lgt,N_characters,Agtp,Stage,StageSub,Part,ThrdPart,OthAgr,Loc1ISO,Loc2ISO,Loc1GWNO,Loc2GWNO,UcdpCon,UcdpAgr,PamAgr,CowWar,GCh,GChRhet,GChAntid,GChSubs,GChOth,GDis,GDisRhet,GDisAntid,GDisSubs,GDisOth,GAge,GAgeRhet,GAgeAntid,GAgeSubs,GAgeOth,GMig,GMigRhet,GMigAntid,GMigSubs,GMigOth,GRa,GRaRhet,GRaAntid,GRaSubs,GRaOth,GRe,GReRhet,GReAntid,GReSubs,GReOth,GInd,GIndRhet,GIndAntid,GIndSubs,GIndOth,GOth,GOthRhet,GOthAntid,GOthSubs,GOthOth,GRef,GRefRhet,GRefSubs,GRefOth,GSoc,GSocRhet,GSocAntid,GSocSubs,GSocOth,GeWom,GeMe,GeMeNu,GeMeOth,GeLgbti,GeLgbtiPos,GeLgbtiNeg,GeFa,StDef,StGen,StCon,StSd,StRef,StSym,StInd,StUni,StBor,StXbor,Pol,PolGen,PolNewInd,PolNewTemp,ConRen,Cons,Ele,ElecComm,PolPar,PolParTrans,PolParOth,Civso,Tral,Pubad,Polps,PpsSt,PpsSub,PpsEx,PpsOro,PpsOthPr,PpsVet,PpsAut,PpsInt,PpsOth,Terps,TpsSub,TpsLoc,TpsAut,TpsOth,Eps,EpsRes,EpsFis,EpsOth,Mps,MpsMe,MpsJt,MpsPro,MpsOth,HrGen,EqGen,HrDem,Prot,ProtCiv,ProtGrp,ProtLgl,ProtOth,HrFra,HrfSp,HrfBor,HrfTinc,HrfOth,HrCp,CprLife,CprTort,CprEq,CprSlav,CprLib,CprDet,CprFmov,CprFspe,CprFass,CprTria,CprPriv,CprVote,CprReli,CprOth,HrSec,SerProp,SerWork,SerHeal,SerEdu,SerStdl,SerShel,SerSs,SerCult,SerOth,HrNi,HrNiMe,HrNiNe,HrNiOth,HrIi,HrIiMon,HrIiBod,HrIiOth,HrMob,HrDet,Med,MedGov,MedSubs,MedLog,MedOth,HrCit,CitGen,CitRights,CitDef,CitOth,JusCr,JusCrSp,JusCrSys,JusCrPow,JusEm,JusJu,JusPri,JusTra,Dev,DevSoc,DevHum,DevInfra,NEC,NatRes,IntFu,Bus,Tax,TaxPo,TaxRef,TaxOth,Ban,CenBan,BanPers,BanInt,BanXb,LaRef,LaRefMan,LaRefRet,LaRefOth,LaNom,LaCH,LaCHTa,LaCHIt,LaCHPro,LaCHOth,LaEn,Wat,SsrGua,Ce,CeProv,CeGen,SsrPol,SsrArm,SsrDdr,DdrDemil,DdrProg,SsrInt,SsrPsf,SsrFf,Cor,SsrCrOcr,SsrDrugs,Terr,TjGen,TjAm,TjAmPro,TjSan,TjPower,TjAmBan,TjCou,TjJaNc,TjJaIc,TjMech,TjPrire,TjVet,TjVic,TjMis,TjRep,TjRSym,TjRMa,TjNR,ImUN,ImOth,ImRef,ImPK,ImE,ImSrc
Afghanistan/Pakistan,Territory,2,"Afghanistan: 2000s Post-intervention process",Cross-regional,1070,1,"Joint Declaration adopted by Pak-Afghan Joint Peace Jirga",2007-08-12,"Multiparty signed/agreed",2,3530,InterIntra,SubPar,MultIss,"H.E. Hamid Karzai, President of the Islamic Republic of Afghanistan
H.E. Shauket Aziz, Prime Minister of the Islamic Republic of Pakistan, H.E. General Pervez Musharraf, President of the Islamic Republic of Pakistan.",,,AFG,PAK,700,770,333,,,225,0,0,0,0,0,0,0,0,0,0,0,0,0,0,0,0,0,0,0,0,0,0,0,0,0,0,0,0,0,0,0,0,0,0,0,0,0,0,0,0,0,0,0,0,0,0,0,0,0,0,0,0,0,0,0,0,0,1,1,0,0,0,0,0,0,0,0,0,0,0,0,0,0,0,0,0,0,0,0,0,0,0,0,0,0,0,0,0,0,0,0,0,0,0,0,0,0,0,0,0,0,0,0,0,0,0,0,0,0,0,0,0,0,0,0,0,0,0,0,0,0,0,0,0,0,0,0,0,0,0,0,0,0,0,0,0,0,0,0,0,0,0,0,0,0,0,0,0,0,0,0,0,0,0,0,0,0,0,0,0,0,0,0,0,0,0,0,0,0,0,0,0,0,0,0,0,0,1,0,0,0,0,0,0,0,0,0,0,0,0,0,0,0,0,0,0,0,0,0,0,0,0,0,0,0,0,0,0,0,0,0,0,0,0,1,1,0,0,0,0,0,0,0,0,0,0,0,0,0,0,0,0,0,1,0,0,0,0,0,1
"Afghanistan/United States of America",Government/territory,2,"Afghanistan: 2000s Post-intervention process",Cross-regional,2271,4,"Agreement for Bringing Peace to Afghanistan between the Islamic Emirate of Afghanistan which is not recognized by the United States as a state and is known as the Taliban and the United States of America",2020-02-29,"Multiparty signed/agreed",4,10332,Intra,SubPar,MultIss,"United States
Islamic Emirate of Afghanistan which is not recognized by the United States as a state and is known as the Taliban
",,,AFG,,700,,333,NA,NA,225,0,0,0,0,0,0,0,0,0,0,0,0,0,0,0,0,0,0,0,0,0,0,0,0,0,0,0,0,0,0,0,0,0,0,0,0,0,0,0,0,1,0,0,1,0,0,0,0,0,0,0,0,0,0,0,0,0,0,0,0,0,0,0,0,0,0,0,0,0,0,0,0,0,0,0,0,0,0,0,0,0,0,0,0,0,0,0,0,0,0,0,0,0,0,0,0,0,0,0,0,0,0,0,0,0,0,0,0,0,0,0,0,0,0,0,0,0,0,0,0,0,0,0,0,0,0,0,0,0,0,0,0,0,0,0,0,0,0,0,0,0,0,0,0,0,0,0,0,0,0,0,0,0,0,0,0,0,0,0,0,0,0,0,0,0,0,0,0,0,0,0,1,0,0,1,0,0,0,0,0,0,0,0,0,0,0,0,0,0,0,0,0,0,0,0,0,0,0,0,0,0,1,0,1,0,0,0,0,0,0,1,1,0,0,0,1,0,0,0,0,0,0,0,0,0,0,3,0,0,0,0,0,0,0,0,1,0,0,0,1
"Afghanistan/United States of America",Other,2,"Afghanistan: 2000s Post-intervention process",Cross-regional,2272,4,"Joint Declaration between the Islamic Republic of Afghanistan and the United States of America
for Bringing Peace to Afghanistan",2020-02-29,"Multiparty signed/agreed",3,9484,InterIntra,SubPar,MultIss,"Islamic Republic of Afghanistan 
United States of America",,"U.S.-Taliban agreement",AFG,,700,,333,NA,NA,225,0,0,0,0,0,0,0,0,0,0,0,0,0,0,0,0,0,0,0,0,0,0,0,0,0,0,0,0,0,0,0,0,0,0,0,0,0,0,0,0,0,0,0,0,0,0,0,0,0,0,0,0,0,0,0,0,0,1,1,1,0,0,0,0,0,0,0,0,0,0,0,0,0,0,0,0,0,0,1,0,0,0,0,0,0,0,0,0,0,0,0,0,0,0,0,0,0,0,0,0,0,0,0,0,0,1,0,1,1,1,0,0,0,0,0,0,0,0,0,0,0,0,0,0,0,0,0,0,0,0,0,0,0,0,0,0,0,0,0,0,0,0,0,0,0,0,0,0,0,0,0,0,0,0,0,0,0,0,0,0,0,0,0,0,0,0,0,0,0,0,0,1,1,0,1,0,0,1,0,0,0,0,0,0,0,0,0,0,0,0,0,0,0,0,0,0,0,0,0,0,0,1,0,1,0,3,0,0,0,0,1,1,0,0,1,1,0,0,0,0,0,0,0,0,0,0,2,0,0,0,0,0,0,0,0,1,0,0,0,1
"Argentina/United Kingdom",Territory,7,"Argentina-UK: Falklands process",Cross-regional,423,1,"Joint Declaration on Cooperation over Offshore Activities in the South West Atlantic",1995-09-27,"Multiparty signed/agreed",7,19178,Inter,SubComp,FrAg,"[Signed by The Right Honourable Malcolm Rifkind MP for Britain 
and His.Excellency Dr. Guido Di Tella for the Argentine Republic]

",,"Page 1, 1: The Government of the United Kingdom of Great Britain and Northern Ireland and the Government of the Argentine Republic agreed that the following formula on sovereignty, based on that contained in the Joint Statement issued at Madrid on 19 October 1989, applies to this Joint Declaration and to its results:
[...]",ARG,GBR,160,200,346,,,202,0,0,0,0,0,0,0,0,0,0,0,0,0,0,0,0,0,0,0,0,0,0,0,0,0,0,0,0,0,0,0,0,0,0,0,0,0,0,0,0,0,0,0,0,0,0,0,0,0,0,0,0,0,0,0,0,0,1,1,0,0,0,0,0,0,1,0,0,0,0,0,0,0,0,0,0,0,0,0,0,0,0,0,0,0,0,0,0,0,0,0,0,0,0,0,0,0,0,0,0,0,0,0,0,0,0,0,0,1,0,0,0,1,0,0,0,0,0,0,0,0,0,0,0,0,0,0,0,0,0,0,0,0,0,0,0,0,0,0,0,0,0,0,0,0,0,0,0,0,0,0,0,0,0,0,0,0,0,0,0,0,0,0,0,0,0,0,0,0,0,0,0,0,0,0,0,1,0,3,1,0,1,0,0,0,0,0,0,0,0,0,0,0,0,0,0,0,0,1,0,0,0,0,0,0,0,0,0,0,0,0,0,0,0,0,0,0,0,0,0,0,0,0,0,0,0,0,0,0,0,0,0,0,0,0,0,0,0,0,1
"Argentina/United Kingdom",Territory,7,"Argentina-UK: Falklands process",Cross-regional,431,1,"Joint Statement of Confidence-Building Measures, including an Information and Consultation System and Safety Measures for Air and Maritime Navigation",1990-02-15,"Multiparty signed/agreed",11,21745,Inter,SubPar,Iss,"Joint statement, not signed, agreement mentions the following parties having produced and agreed to it: [The text of the Joint Statement was agreed by the British and Argentine Delegations at Madrid on 15 February 1990 after two days of negotiation.] ",,"Page 1, Introduction: 
[...] It followed the previous Joint Statement agreed by the British and Argentine Delegations at Madrid on 19 October 1989, which established the 'sovereignty umbrella' whereby the two Governments agreed to put to one side their respective sovereignty claims over the Falkland Islands, South Georgia and the South Sandwich Islands so that they could hold further talks on matters of mutual interest. [...] ",ARG,GBR,160,200,346,,,202,0,0,0,0,0,0,0,0,0,0,0,0,0,0,0,0,0,0,0,0,0,0,0,0,0,0,0,0,0,0,0,0,0,0,0,0,0,0,0,0,0,0,0,0,0,0,0,0,0,0,0,0,0,0,0,0,1,1,1,0,0,0,0,0,0,0,0,0,0,0,0,0,0,0,0,0,0,0,0,0,0,0,0,0,0,0,0,0,0,0,0,0,0,0,0,0,0,0,0,0,0,0,0,0,0,0,0,0,1,0,0,0,1,0,0,0,0,0,0,0,0,0,0,0,0,0,0,0,0,0,0,0,0,0,0,0,0,0,0,0,0,0,0,0,0,0,0,0,0,0,0,1,0,0,0,0,0,0,0,0,0,0,0,0,0,0,0,0,0,0,0,0,0,0,0,0,1,0,1,0,0,0,0,0,0,0,0,0,0,0,0,0,0,0,0,0,0,0,1,0,1,0,0,0,0,1,0,0,0,0,0,0,0,0,1,0,0,0,0,0,0,0,0,0,0,0,0,0,0,0,0,0,0,0,1,1,0,0,1,1
"(Bougainville)/(United Nations)",Government/territory,9,"Bougainville: peace process",Cross-regional,1287,1,"Statement by the President of the Security Council",1998-04-22,"Unilateral document",2,2719,InterIntra,Imp,ImpMod,"The United Nations Security Council",,"the Lincoln Agreement",PNG,,910,,369,,,854,0,0,0,0,0,0,0,0,0,0,0,0,0,0,0,0,0,0,0,0,0,0,0,0,0,0,0,0,0,0,0,0,0,0,0,0,0,0,0,0,0,0,0,0,0,0,0,0,0,0,0,0,0,0,0,0,0,0,0,0,0,0,0,0,0,0,0,0,0,0,0,0,0,0,0,0,0,0,0,0,0,0,0,0,0,0,0,0,0,0,0,0,0,0,0,0,0,0,0,0,0,0,0,0,0,1,0,0,0,0,0,0,0,0,0,0,0,0,0,0,0,0,0,0,0,0,0,0,0,0,0,0,0,0,0,0,0,0,0,0,0,0,0,0,0,0,0,0,0,0,0,0,0,0,0,0,0,0,0,0,0,0,0,0,0,0,0,0,0,0,0,0,0,0,0,0,0,0,0,0,0,0,0,0,0,0,0,0,0,0,0,0,0,0,0,0,0,0,0,0,0,2,1,0,0,0,0,0,0,0,0,0,0,0,0,0,0,0,0,0,0,0,0,0,0,0,0,0,0,0,0,0,0,0,1,0,0,1,0,1
Chad/Libya,Territory,23,"Chad-Libya border peace process",Cross-regional,237,1,"Agreement between the Great Socialist People's Libyan Arab Jamahariya and the Rep of Chad concerning the practical modalitities for the implementation of the Judgment delivered by the International Court of Justice on 3 February 1994",1994-04-04,"Multiparty signed/agreed",3,4227,Inter,Imp,ImpMod,"Great Socialist People's Libyan Arab Jamahiriya, signed for by Mohamed Mahmud AL HIJAZI; Republic of Chad, signed for by Abderrahman Izzo MISKINE","Page 3, Article 8. The two Parties undertake to notify the United Nations of this Agreement",,TCD,LBY,483,620,361,1421,,207,0,0,0,0,0,0,0,0,0,0,0,0,0,0,0,0,0,0,0,0,0,0,0,0,0,0,0,0,0,0,0,0,0,0,0,0,0,0,0,0,0,0,0,0,0,0,0,0,0,0,0,0,0,0,0,0,0,1,0,0,0,0,0,0,0,1,1,0,0,0,0,0,0,0,0,0,0,0,0,0,0,0,0,0,0,0,0,0,0,0,0,0,0,0,0,0,0,0,0,0,3,1,1,1,0,0,0,0,0,0,0,0,0,0,0,0,0,0,0,0,0,0,0,0,0,0,0,0,0,0,0,0,0,0,0,0,0,0,0,0,0,0,0,0,0,0,0,0,0,0,0,0,0,0,0,0,0,0,0,0,0,0,0,0,0,0,0,0,0,0,0,0,0,0,0,0,0,0,0,0,0,0,0,0,0,0,0,0,0,0,0,0,0,0,0,0,0,0,0,0,0,0,0,0,0,0,2,1,0,0,1,1,0,0,0,0,0,0,0,0,0,0,0,0,0,0,0,0,0,0,0,0,0,0,0,0,0,1,1,1
"China/Japan/North Korea/Russia/South Korea/United States of America",Territory,84,"North Korea - South Korea interstate process",Cross-regional,2074,2,"Text of Joint Statement",2005-09-29,"Multiparty signed/agreed",2,3405,Inter,SubPar,MultIss,"People's Republic of China 
Russian Federation
United States of America
Japan
South Korea
North Korea ",,"2002 Pyongyang Declaration ",PRK,KOR,731,732,235,NA,NA,151,0,0,0,0,0,0,0,0,0,0,0,0,0,0,0,0,0,0,0,0,0,0,0,0,0,0,0,0,0,0,0,0,0,0,0,0,0,0,0,0,0,0,0,0,0,0,0,0,0,0,0,0,0,0,0,0,0,0,0,0,0,0,0,0,0,0,0,0,0,0,0,0,0,0,0,0,0,0,0,0,0,0,0,0,0,0,0,0,0,0,0,0,0,0,0,0,0,0,0,0,0,0,0,0,0,0,0,0,0,0,0,0,0,0,0,0,0,0,0,0,0,0,0,0,0,0,0,0,0,0,0,0,0,0,0,0,0,0,0,0,0,0,0,0,0,0,0,0,0,0,0,0,0,0,0,0,0,0,0,0,0,0,0,0,0,0,0,0,0,0,0,2,1,0,0,0,0,0,0,0,0,0,0,0,0,0,0,0,0,0,0,0,0,0,0,0,0,0,0,0,1,0,0,0,0,0,0,0,0,0,0,0,0,0,0,0,0,0,0,0,0,0,0,0,0,0,0,0,0,0,0,0,0,1,0,0,0,0,0,1
China/Kazakhstan/Kyrgyzstan/Russia/Tajikistan,Territory,19,"Russia-China-Central Asian borders interstate process",Cross-regional,531,1,"Agreement between Russian Federation, Republic of Kazakstan, Kyrgyz Republic, Republic of Tajikistan and People's Republic of China on Confidence Building in the Military Field in the Border Area",1996-04-26,"Multiparty signed/agreed",12,20970,Inter,SubPar,Iss,"For the Russian Federation:
B. YELTSIN JIANG Zemin

For the Republic of Kazakstan:
N. NAZARBAEV

For the Kyrgyz Republic:
A. AKAEV

For the Republic of Tajikistan:
E. RAKHMONOV

For the People’s Republic of China:
JIANG Zemin",,,CHN,RUS,710,365,305,,,,0,0,0,0,0,0,0,0,0,0,0,0,0,0,0,0,0,0,0,0,0,0,0,0,0,0,0,0,0,0,0,0,0,0,0,0,0,0,0,0,0,0,0,0,0,0,0,0,0,0,0,0,0,0,0,0,0,1,0,0,0,0,1,0,0,0,1,0,0,0,0,0,0,0,0,0,0,0,1,0,0,0,0,0,0,0,0,0,0,0,0,0,0,0,0,0,0,0,0,0,0,0,0,0,0,1,0,0,0,0,0,0,0,0,0,0,0,0,0,0,0,0,0,0,0,0,0,0,0,0,0,0,0,0,0,0,0,0,0,0,0,0,0,0,0,0,0,0,0,0,0,0,0,0,0,0,0,0,0,0,0,0,0,0,0,0,0,0,0,0,0,0,0,0,0,0,0,0,0,0,0,0,0,0,0,0,0,0,0,0,0,0,0,1,1,0,0,0,1,1,1,0,0,0,0,0,0,0,0,0,0,0,0,0,0,0,0,0,0,0,0,0,0,0,0,0,0,0,0,0,0,0,0,0,0,0,0,0,1,1
China/Kazakhstan/Russia,Territory,19,"Russia-China-Central Asian borders interstate process",Cross-regional,1811,1,"The agreement between the Russian Federation, Republic of Kazakhstan, and the People's Republic of China on determining the junction point of the international borders of the three states",1999-05-05,"Multiparty signed/agreed",2,3786,Inter,SubPar,Iss,"For the Russian Federation
For the Republic of Kazakhstan
For the People’s Republic of China ",,"In accordance with the agreement between the Russian Federation and the Republic of China on the Chinese state border on its western part of 3 September 1994 and the Agreement between the Republic of Kazakhstan and the Republic of China the Kazakh-Russian state border of 26 April 1994 ",,,,,305,,,,0,0,0,0,0,0,0,0,0,0,0,0,0,0,0,0,0,0,0,0,0,0,0,0,0,0,0,0,0,0,0,0,0,0,0,0,0,0,0,0,0,0,0,0,0,0,0,0,0,0,0,0,0,0,0,0,0,1,0,0,0,0,0,0,0,1,0,0,0,0,0,0,0,0,0,0,0,0,0,0,0,0,0,0,0,0,0,0,0,0,0,0,0,0,0,0,0,0,0,0,0,0,0,0,0,0,0,0,0,0,0,0,0,0,0,0,0,0,0,0,0,0,0,0,0,0,0,0,0,0,0,0,0,0,0,0,0,0,0,0,0,0,0,0,0,0,0,0,0,0,0,0,0,0,0,0,0,0,0,0,0,0,0,0,0,0,0,0,0,0,0,0,0,0,0,0,0,0,0,0,0,0,0,0,0,0,0,0,0,0,0,0,0,0,0,0,0,0,0,0,0,0,0,0,0,0,0,0,0,0,0,0,0,0,0,0,0,0,0,0,0,0,0,0,0,0,0,0,0,0,0,0,0,0,0,0,0,0,0,1
China/Mongolia/Russia,Territory,19,"Russia-China-Central Asian borders interstate process",Cross-regional,1807,1,"Protocol between the Government of the Russian Federation, the Government of Mongolia, and the Government of the People's Republic of China, describing the eastern junction point of the borders of the three states",1996-06-24,"Multiparty signed/agreed",2,4447,Inter,SubPar,Iss,"Government of the Russian Federation, the Government of the People’s Republic of China and the Government of the Mongolian People’s Republic ",,"Agreement between the Government of the Russian Federation, the Mongolian People’s Federation and the Government of the People’s Republic of China on determining the Eastern junction of the borders of the three states from January 27, 1994",,,,,305,,,,0,0,0,0,0,0,0,0,0,0,0,0,0,0,0,0,0,0,0,0,0,0,0,0,0,0,0,0,0,0,0,0,0,0,0,0,0,0,0,0,0,0,0,0,0,0,0,0,0,0,0,0,0,0,0,0,0,1,0,0,0,0,0,0,0,1,0,0,0,0,0,0,0,0,0,0,0,0,0,0,0,0,0,0,0,0,0,0,0,0,0,0,0,0,0,0,0,0,0,0,0,0,0,0,0,0,0,0,0,0,0,0,0,0,0,0,0,0,0,0,0,0,0,0,0,0,0,0,0,0,0,0,0,0,0,0,0,0,0,0,0,0,0,0,0,0,0,0,0,0,0,0,0,0,0,0,0,0,0,0,0,0,0,0,0,0,0,0,0,0,0,0,0,0,0,0,0,0,0,0,0,0,0,0,0,0,0,0,0,0,0,0,0,0,0,0,0,0,0,0,0,0,0,0,0,0,0,0,0,0,0,0,0,0,0,0,0,0,0,0,0,0,0,0,0,0,0,0,0,0,0,0,0,0,0,0,0,0,0,1
China/Mongolia/Russia,Territory,19,"Russia-China-Central Asian borders interstate process",Cross-regional,1808,1,"Protocol between the Government of the Russian Federation, the Government of Mongolia, and the Government of the People's Republic of China, describing the western junction point of the borders of the three states
",1996-06-24,"Multiparty signed/agreed",2,3065,Inter,SubPar,Iss,"Government of the Russian Federation, the Mongolian People’s Federation and the Government of the People’s Republic of China",,"Agreement between the Government of the Russian Federation, the Mongolian People’s Federation and the Government of the People’s Republic of China on determining the Western junction of the borders of the three states from January 27, 1994",,,,,305,,,,0,0,0,0,0,0,0,0,0,0,0,0,0,0,0,0,0,0,0,0,0,0,0,0,0,0,0,0,0,0,0,0,0,0,0,0,0,0,0,0,0,0,0,0,0,0,0,0,0,0,0,0,0,0,0,0,0,1,0,0,0,0,0,0,0,1,0,0,0,0,0,0,0,0,0,0,0,0,0,0,0,0,0,0,0,0,0,0,0,0,0,0,0,0,0,0,0,0,0,0,0,0,0,0,0,0,0,0,0,0,0,0,0,0,0,0,0,0,0,0,0,0,0,0,0,0,0,0,0,0,0,0,0,0,0,0,0,0,0,0,0,0,0,0,0,0,0,0,0,0,0,0,0,0,0,0,0,0,0,0,0,0,0,0,0,0,0,0,0,0,0,0,0,0,0,0,0,0,0,0,0,0,0,0,0,0,0,0,0,0,0,0,0,0,0,0,0,0,0,0,0,0,0,0,0,0,0,0,0,0,0,0,0,0,0,0,0,0,0,0,0,0,0,0,0,0,0,0,0,0,0,0,0,0,0,0,0,0,0,1
China/Mongolia/Russia,Territory,19,"Russia-China-Central Asian borders interstate process",Cross-regional,1809,1,"Agreement between the Government of the Russian Federation, the Government of the People's Republic of China, and the Government of Mongolia on the determination of the points of junction of the national borders of the three states",1994-01-27,"Multiparty signed/agreed",2,4815,Inter,SubPar,Iss,"Governments of Russian Federation; People's Republic of China; People's Republic of Mongolia",,"Agreement on the Eastern Section of the Boundary between the Union of Soviet Socialist Republics and the People's Republic of China of 16 May 1991; relevant Russian and Chinese Treaties on the border between the Union of Soviet Socialist Republics and the People’s Republic of Mongolia in the western section from mark 4104.0 at the top of Mount Tavan Bogd-Ula (Tavan Bogd) to the top of Askhatiin-Dabani Ridge (Asgat Pass Ridge) going east to mark 2855.8 on the top of Big Sayan Ridge to Tarvagan Dah of 19 October 1976, and the Treaty on the State Border between the People’s Republic of Mongolia and the People’s Republic of China of 26 December 1962",,,,,305,,,,0,0,0,0,0,0,0,0,0,0,0,0,0,0,0,0,0,0,0,0,0,0,0,0,0,0,0,0,0,0,0,0,0,0,0,0,0,0,0,0,0,0,0,0,0,0,0,0,0,0,0,0,0,0,0,0,0,1,1,0,0,0,0,0,0,1,1,0,0,0,0,0,0,0,0,0,0,0,0,0,0,0,0,0,0,0,0,0,0,0,0,0,0,0,0,0,0,0,0,0,0,0,0,0,0,0,0,0,0,0,0,0,0,0,0,0,0,0,0,0,0,0,0,0,0,0,0,0,0,0,0,0,0,0,0,0,0,0,0,0,0,0,0,0,0,0,0,0,0,0,0,0,0,0,0,0,0,0,0,0,0,0,0,0,0,0,0,0,0,0,0,0,0,0,0,0,0,0,0,0,0,0,0,0,0,0,0,0,0,0,0,0,0,0,0,0,0,0,0,0,0,0,0,0,0,0,0,0,0,0,0,0,0,0,0,0,0,0,0,0,0,0,0,0,0,0,0,0,0,0,0,0,0,0,0,0,0,0,0,1
China/Russia,Territory,27,"China-Russia border dispute peace process",Cross-regional,1743,1,"Supplementary Agreement between the People 's Republic of China and the Russian Federation on the Eastern Section of the Sino-Russian Border",2004-10-14,"Multiparty signed/agreed",3,8230,Inter,SubPar,Iss,"Russian Federation Representative Sergey Viktorovich Lavrov [Signature]
People’s Republic of China Representative Li Zhaoxing [Signature]",,,CHN,RUS,710,365,305,,,,0,0,0,0,0,0,0,0,0,0,0,0,0,0,0,0,0,0,0,0,0,0,0,0,0,0,0,0,0,0,0,0,0,0,0,0,0,0,0,0,0,0,0,0,0,0,0,0,0,0,0,0,0,0,0,0,0,1,0,0,0,0,0,0,0,1,0,0,0,0,0,0,0,0,0,0,0,0,0,0,0,0,0,0,0,0,0,0,0,0,0,0,0,0,0,0,0,0,0,0,0,0,0,0,0,0,0,0,0,0,0,0,0,0,0,0,0,0,0,0,0,0,0,0,0,0,0,0,0,0,0,0,0,0,0,0,0,0,0,0,0,0,0,0,0,0,0,0,0,0,0,0,0,0,0,0,0,0,0,0,0,0,0,0,0,0,0,0,0,0,0,0,0,0,0,0,0,0,0,0,0,0,0,0,0,0,0,0,0,0,0,0,0,0,0,0,0,0,0,1,0,0,0,0,0,0,0,0,0,0,0,0,0,0,0,0,0,0,0,0,0,0,0,0,0,0,0,0,0,0,0,0,0,0,0,0,0,0,0,1
China/Russia,Territory,27,"China-Russia border dispute peace process",Cross-regional,1735,1,"Treaty of Good-Neighborliness and Friendly Cooperation Between the People's Republic of China and the Russian Federation",2001-07-16,"Multiparty signed/agreed",6,14367,Inter,SubPar,MultIss,"President Jiang Zemin for the People's Republic of China, and President Vladimir Putin of the Russian Federation.",,"Joint Declarations and Statements signed and adopted by the heads of states of the two countries from 1992 to 2000;",CHN,RUS,710,365,305,,,,0,0,0,0,0,0,0,0,0,0,0,0,0,0,0,0,0,0,0,0,0,0,0,0,0,0,0,0,0,0,0,0,0,0,0,0,0,0,0,0,0,0,0,0,0,0,0,0,0,0,0,0,0,0,0,0,0,1,1,0,0,0,0,1,0,1,1,0,0,0,0,0,0,0,0,0,0,0,0,0,0,0,0,0,0,0,0,0,0,0,0,0,0,0,0,0,0,0,0,0,0,0,0,0,0,1,0,0,1,0,0,0,1,3,0,0,1,0,0,0,0,0,0,0,0,0,0,0,0,0,0,0,0,0,0,0,0,0,0,0,0,0,0,0,0,0,0,0,0,0,0,0,0,0,0,0,0,0,0,0,0,0,0,0,0,0,0,0,0,0,0,0,0,0,0,0,0,0,2,0,0,0,0,1,0,0,1,0,0,0,0,0,0,1,1,0,0,0,1,0,1,0,0,0,0,0,0,0,0,0,1,0,0,1,1,1,0,0,0,0,0,0,0,0,0,0,0,0,0,0,0,0,0,0,0,0,0,0,0,1
China/Russia,Territory,27,"China-Russia border dispute peace process",Cross-regional,1742,1,"Joint Declaration by the People’s Republic of China and the
Russian Federation, adopted at Beijing on 25 April 1996",1996-04-25,"Multiparty signed/agreed",6,17000,Inter,Imp,ExtSub,"(Signed)  JIANG Zemin, President,People’s Republic of China
(Signed)  Boris YELTSIN, President, Russian Federation",,"Joint Statement on the basis of relations between the People’s Republic of China and the Russian Federation signed on 18 December 1992; Joint Statement by the People’s Republic of China and the Russian Federation signed on 3 September 1994; Agreement on the Eastern Section of the Boundary between the People’s Republic of China and the Union of Soviet Socialist Republics signed on 16 May 1991; Agreement on the Western Section of the Boundary between the People’s Republic of China and the Russian Federation signed on 3 September 1994; Agreement on Confidence Building in the Military Field along Border Areas",CHN,RUS,710,365,305,,,,0,0,0,0,0,0,0,0,0,0,0,0,0,0,0,0,0,0,0,0,1,1,0,0,0,1,1,0,0,0,0,0,0,0,0,0,0,0,0,0,0,0,0,0,0,0,0,0,0,0,0,0,0,0,0,0,0,1,1,0,0,0,0,0,0,1,1,0,0,0,0,0,0,0,0,0,0,0,0,0,0,0,0,0,0,0,0,0,0,0,0,0,0,0,0,0,0,0,0,0,0,0,0,0,0,0,0,0,1,0,0,0,1,2,0,0,1,0,0,0,0,0,0,0,0,0,0,0,0,0,0,0,0,0,0,0,0,0,0,0,0,0,0,0,0,0,0,0,0,0,0,0,0,1,0,0,1,0,0,0,0,0,0,0,0,0,0,0,0,0,0,1,1,0,0,0,0,0,1,0,0,0,0,0,0,0,0,0,0,0,0,0,0,0,0,0,0,0,1,0,1,0,0,0,0,1,0,0,0,0,0,0,0,1,1,1,0,0,0,0,0,0,0,0,0,0,0,0,0,0,0,0,0,0,0,0,0,0,0,1
China/Russia,Territory,27,"China-Russia border dispute peace process",Cross-regional,1741,1,"Agreement on the Western Section of the Boundary Between the PRC and the Russian Federation Signed by Foreign Ministers – Andrei Kozyrev and Qian Qichen
",1994-09-03,"Multiparty signed/agreed",2,7227,Inter,SubPar,Iss,"People’s Republic of China
Plenipotentiary
Qian Qichen 

Russian Federation
Plenipotentiary
Andrei Kozyrev ",,"the existing Sino-Russian border treaty; ",CHN,RUS,710,365,305,,,,0,0,0,0,0,0,0,0,0,0,0,0,0,0,0,0,0,0,0,0,0,0,0,0,0,0,0,0,0,0,0,0,0,0,0,0,0,0,0,0,0,0,0,0,0,0,0,0,0,0,0,0,0,0,0,0,0,1,0,0,0,0,0,0,0,1,0,0,0,0,0,0,0,0,0,0,0,0,0,0,0,0,0,0,0,0,0,0,0,0,0,0,0,0,0,0,0,0,0,0,0,0,0,0,0,0,0,0,0,0,0,0,0,0,0,0,0,0,0,0,0,0,0,0,0,0,0,0,0,0,0,0,0,0,0,0,0,0,0,0,0,0,0,0,0,0,0,0,0,0,0,0,0,0,0,0,0,0,0,0,0,0,0,0,0,0,0,0,0,0,0,0,0,0,0,0,0,0,0,0,0,0,0,0,0,0,0,0,0,0,0,0,0,0,0,0,0,0,0,0,0,0,0,0,0,0,0,0,0,0,0,0,0,0,0,0,0,0,0,0,0,0,0,0,0,0,0,0,0,0,0,0,0,0,0,0,0,0,0,1
China/Russia,Territory,27,"China-Russia border dispute peace process",Cross-regional,1740,1,"Agreement on the Eastern Section of the Boundary between the Union of Soviet Socialist Republics and the People's Republic of China (1991 Sino-Soviet Border Agreement)",1991-05-16,"Multiparty signed/agreed",9,31746,Inter,SubPar,Iss,"People’s Republic of China 
Plenipotentiary 
Qian Qichen

Union of Soviet Socialist Republics 
Plenipotentiary 
Alexander Bessmertnykh ",,"the existing treaty related to the Sino-Soviet border line; ",CHN,RUS,710,365,305,,,,0,0,0,0,0,0,0,0,0,0,0,0,0,0,0,0,0,0,0,0,0,0,0,0,0,0,0,0,0,0,0,0,0,0,0,0,0,0,0,0,0,0,0,0,0,0,0,0,0,0,0,0,0,0,0,0,0,1,0,0,0,0,0,0,0,1,0,0,0,0,0,0,0,0,0,0,0,0,0,0,0,0,0,0,0,0,0,0,0,0,0,0,0,0,0,0,0,0,0,0,0,0,0,0,0,0,0,0,0,0,0,0,0,1,0,0,1,0,0,0,0,0,0,0,0,0,0,0,0,0,0,0,0,0,0,0,0,0,0,0,0,0,0,0,0,0,0,0,0,0,0,1,0,0,0,0,0,0,0,0,0,0,0,0,0,0,0,0,0,0,0,0,0,0,0,0,0,0,0,0,0,0,0,0,0,0,0,0,0,0,0,0,0,0,0,0,0,0,0,1,0,0,0,0,0,0,0,0,0,0,0,0,0,0,0,0,0,0,0,0,0,0,0,0,0,0,0,0,0,0,0,0,0,0,0,0,0,0,0,1
"France/Germany/Russia/United Kingdom/United States of America",Territory,139,"Post-WWII Germany normalisation process ",Cross-regional,1887,1,"Treaty on the Final Settlement with Respect to Germany (four plus two agreement)
",1990-09-12,"Multiparty signed/agreed",7,12432,Inter,SubComp,FrAg,"Federal Republic of Germany
German Democratic Republic
French Republic
Union of Soviet Socialist Republics
United Kingdom of Great Britain and Northern  Ireland 
United States of  America",,,,,,,NA,NA,NA,139,0,0,0,0,0,0,0,0,0,0,0,0,0,0,0,0,0,0,0,0,0,0,0,0,0,0,0,0,0,0,0,0,0,0,0,0,0,0,0,0,0,0,0,0,0,0,0,0,0,0,0,0,0,0,0,0,0,1,0,1,1,0,0,0,0,1,1,0,0,0,0,2,0,0,0,0,0,0,0,0,0,0,0,0,0,0,0,0,0,0,0,0,0,0,0,0,0,0,0,0,0,0,0,0,0,0,1,0,0,0,0,0,0,2,0,0,1,0,0,0,0,0,0,0,0,0,0,0,0,0,0,0,0,0,0,0,0,0,0,0,0,0,0,0,0,0,0,0,0,0,0,0,0,0,0,0,0,0,0,0,0,0,0,0,0,0,0,0,0,0,0,0,0,0,0,0,0,0,0,0,0,0,0,0,0,0,0,0,0,0,0,0,0,0,0,0,0,0,0,0,1,0,0,0,0,2,0,0,0,0,0,1,0,0,0,0,0,0,0,0,0,0,0,0,0,0,0,0,0,0,0,0,0,0,0,0,0,0,0,1
"Indonesia/Portugal/(East Timor)",Government/territory,57,"East Timor-Indonesia peace process",Cross-regional,241,1,"Agreement Between the Republic of Indonesia and the Portuguese Republic on the Question of East Timor",1999-05-05,"Multiparty signed/agreed",29,27583,InterIntra,SubPar,Iss,"Government of Indonesia; Government of Portugal","United Nations: Kofi Annan- witness and signatory",,IDN,PRT,850,235,330,,33,,2,0,0,1,0,0,0,0,0,0,0,0,0,0,0,2,0,0,1,0,2,0,1,0,0,2,0,1,0,0,0,0,0,0,0,0,0,0,0,0,0,0,0,0,0,0,0,0,0,1,0,0,0,0,0,0,1,1,1,0,1,1,1,1,0,0,0,3,0,1,1,0,0,1,0,1,0,1,1,0,0,0,0,0,0,0,0,0,0,0,0,3,0,0,1,0,3,1,0,0,0,0,0,0,0,0,1,0,1,0,0,1,0,3,1,0,1,0,1,1,1,1,0,1,0,1,0,1,1,1,1,1,0,1,0,0,0,1,1,0,0,1,0,0,0,0,0,0,0,0,0,0,0,0,0,0,0,0,1,1,0,0,0,0,0,0,0,0,1,0,0,0,0,0,0,0,1,1,0,1,1,0,0,0,0,0,0,0,1,0,1,0,0,0,0,0,0,0,0,0,0,0,0,0,2,2,0,0,0,0,0,0,0,0,0,1,0,0,0,0,0,0,0,0,0,0,0,0,0,0,0,0,0,0,1,0,1,1,1,1
Iraq/Kurds-Kurdistan,Government/territory,96,"Kurdistan/Iraq territorial conflict",Cross-regional,723,1,"Erbil Agreement",2010-11-07,"Multiparty signed/agreed",6,9576,Intra,SubPar,MultIss,"The meeting minutes were signed by: 
Rose Nuri Shaways, Deputy Prime Minister, Representative of Kurdistan Region President and Kurdistan Alliance, leader of National Coalition, Hassan Al-Sunaid,
leader of IS, Salman Al-Jumaili.",,,IRQ,,645,,271,,,,0,0,0,0,0,0,0,0,0,0,3,0,0,1,0,0,0,0,0,0,0,0,0,0,0,0,0,0,0,0,0,0,0,0,0,0,0,0,0,0,0,0,0,0,0,0,0,0,0,0,0,0,0,0,0,0,0,0,0,0,0,0,0,0,0,0,0,3,1,0,0,0,3,1,1,0,0,0,1,0,1,1,1,0,1,0,0,0,0,0,0,0,0,0,0,0,0,0,0,0,0,0,0,0,0,1,0,0,2,0,1,0,1,0,0,0,0,0,0,0,0,0,0,0,0,0,0,0,0,0,0,0,0,0,0,0,0,0,0,0,0,0,0,0,0,0,0,0,0,0,0,0,0,2,0,1,0,0,0,0,0,0,0,1,1,0,0,0,1,0,0,1,1,0,0,0,1,0,0,1,0,1,0,0,0,0,0,0,0,0,0,0,0,0,0,0,0,0,1,0,1,0,0,0,2,1,0,0,0,2,0,0,2,0,0,1,0,0,0,0,0,0,0,0,0,0,0,0,0,0,0,0,0,2,0,0,0,0,0,1
Iraq/Kurds-Kurdistan,Government/territory,96,"Kurdistan/Iraq territorial conflict",Cross-regional,678,1,"Agreement of the Principles to Join the ""Task Force for Dialogue on the UNAMI Reports""",2009-06-01,"Multiparty signed/agreed",1,2214,Intra,Pre,PreMix,"Government of Iraq; Kurdistan Regional Government",,,IRQ,,645,,271,,,,0,0,0,0,0,0,0,0,0,0,0,0,0,0,0,0,0,0,0,0,2,0,1,0,0,2,0,1,0,0,0,0,0,0,0,0,0,0,0,0,0,0,0,0,0,0,0,0,0,0,0,0,0,0,0,0,0,1,1,0,0,0,0,0,0,0,0,0,0,0,0,1,0,0,0,0,0,0,0,0,0,0,0,0,0,0,0,0,0,0,0,1,0,0,1,1,0,0,0,0,0,0,0,0,0,1,0,0,0,0,0,0,0,0,0,0,0,0,0,0,0,0,0,0,0,0,0,0,0,0,0,0,0,0,0,0,0,0,0,0,0,0,0,0,0,0,0,0,0,0,0,0,0,1,0,0,0,1,0,0,0,0,0,0,0,0,0,0,0,0,0,1,1,0,0,0,0,0,0,0,0,0,0,0,0,0,0,0,0,0,0,0,0,0,0,0,0,0,0,0,1,0,0,0,0,0,0,0,0,0,0,0,0,0,0,0,0,0,0,0,0,0,0,0,0,0,0,0,2,0,0,0,0,1,0,0,0,0,0,1
"Iraq/United Nations",Inter-group,58,"Iraq peace process - first Iraq war",Cross-regional,32,1,"Memorandum of Understanding between the United Nations and the Republic of Iraq",1998-02-23,"Multiparty signed/agreed",2,3244,Inter,Imp,ExtSub,"Iraq, signed for by Tariq Aziz
United Nations, signed for by Kofi Annan",,,IRQ,,645,,371,,,211,0,0,0,0,0,0,0,0,0,0,0,0,0,0,0,0,0,0,0,0,0,0,0,0,0,0,0,0,0,0,0,0,0,0,0,0,0,0,0,0,0,0,0,0,0,0,0,0,0,0,0,0,0,0,0,0,0,1,1,0,0,0,0,0,0,0,0,0,0,0,0,0,0,0,0,0,0,0,0,0,0,0,0,0,0,0,0,0,0,0,0,0,0,0,0,0,0,0,0,0,0,0,0,0,0,0,0,0,0,0,0,0,0,0,0,0,0,0,0,0,0,0,0,0,0,0,0,0,0,0,0,0,0,0,0,0,0,0,0,0,0,0,0,0,0,0,0,0,0,0,0,1,0,0,0,0,0,0,0,0,0,0,0,0,0,0,0,0,0,0,0,0,0,0,0,0,0,0,0,0,0,0,0,0,0,0,0,0,0,0,0,0,0,0,0,0,0,0,0,0,0,0,0,0,0,0,0,0,0,0,0,0,1,0,0,0,0,0,0,0,0,0,0,0,0,0,0,0,0,0,0,0,0,0,1,0,0,1,1,1
"Iraq/United Nations",Territory,58,"Iraq peace process - first Iraq war",Cross-regional,452,1,"Memorandum of Understanding between the Secretariat of the United Nations and the Government of Iraq on the Implementation of UN Security Council Resolution 986",1996-05-20,"Multiparty signed/agreed",13,30336,Inter,Imp,ImpMod,"Hans CORELL, Under Secretary-General, The Legal Counsel, United Nations; Abdul Amir AL-ANBARI, Ambassador Plenipotentiary, Head of the Delegation of Iraq",,,IRQ,,645,,371,,,211,0,0,0,0,0,0,0,0,0,0,0,0,0,0,0,0,0,0,0,0,0,0,0,0,0,0,0,0,0,0,0,0,0,0,0,0,0,0,0,0,0,0,0,0,0,0,0,0,0,0,0,0,0,0,0,0,0,1,1,0,0,0,0,0,0,0,0,0,0,0,0,0,0,0,0,0,0,0,0,0,0,0,0,0,0,0,0,0,0,0,0,0,0,0,0,0,0,0,0,0,0,0,0,0,0,0,0,0,0,0,0,0,0,0,0,0,0,0,0,0,0,0,0,0,0,0,0,0,0,0,0,0,0,0,0,0,0,0,0,0,0,0,0,0,0,0,0,0,0,0,0,0,0,0,0,0,0,0,0,0,0,0,0,0,0,0,0,0,0,0,0,3,1,1,0,0,1,0,2,0,0,0,0,1,1,0,0,1,0,0,0,0,0,0,0,0,0,0,0,1,0,0,0,0,0,0,0,0,0,0,0,0,1,0,0,0,0,0,0,0,0,0,0,0,0,0,0,0,0,0,0,0,0,0,1,0,0,1,1,1
"Iraq/United States of America",Inter-group,59,"Iraq peace process - second Iraq war",Cross-regional,1577,1,"Agreement between the United States of America and the Republic of Iraq on the withdrawal of United States Forces from Iraq and the Organization of Their Activities during Their Temporary Presence in Iraq",2008-11-17,"Multiparty signed/agreed",24,47018,Inter,Imp,ImpMod,"United States of America; Republic of Iraq",,,IRQ,USA,645,2,420,,,227,0,0,0,0,0,0,0,0,0,0,0,0,0,0,0,0,0,0,0,0,0,0,0,0,0,0,0,0,0,0,0,0,0,0,0,0,0,0,0,0,0,0,0,0,0,0,0,0,0,0,0,0,0,0,0,0,0,1,1,1,0,0,0,0,0,0,0,1,1,0,0,3,0,0,0,0,0,0,0,0,0,0,0,0,0,0,0,0,0,0,0,2,0,0,0,1,0,0,0,0,0,0,0,0,0,1,0,2,1,1,0,0,1,2,0,0,1,0,0,0,0,0,0,0,0,0,0,0,0,0,0,0,0,1,1,0,0,0,0,0,0,0,0,0,0,0,0,0,0,0,0,1,1,3,0,0,1,0,0,0,0,0,0,1,0,0,1,0,1,0,1,3,1,0,0,0,1,0,3,2,0,1,0,1,1,0,1,0,1,0,1,0,0,1,0,0,1,0,1,1,1,0,0,0,0,2,0,0,0,0,0,1,0,0,0,1,0,0,0,0,0,0,0,0,0,0,0,0,0,0,2,0,1,0,0,0,0,0,1,1
Kurds-Kurdistan,Inter-group,108,"Intra-Kurdish process",Cross-regional,1894,1,"Kurdistan Regional Government Unification Agreement ",2006-01-21,"Multiparty signed/agreed",2,5025,Intra,SubPar,Iss,"Kurdistan Democratic Party (KDP), signed for by Masoud Barzani, President;
Patriotic Union of Kurdistan (PUK), signed for by Jalal Talabani, Secretary General.",,,,,,,NA,NA,NA,NA,1,0,0,0,1,0,0,0,0,0,0,0,0,0,0,0,0,0,0,0,1,0,0,1,0,1,0,0,0,1,0,0,0,0,0,0,0,0,0,0,0,0,0,0,0,0,0,0,0,0,0,0,0,0,0,0,0,0,0,0,0,0,0,0,0,0,0,3,1,1,1,1,0,1,0,0,0,0,0,0,0,3,1,1,1,0,0,0,0,0,0,0,0,0,0,0,3,1,0,0,3,0,1,0,0,0,0,1,0,0,0,0,0,0,0,0,0,0,0,0,0,0,0,0,0,0,0,0,0,0,0,0,0,0,0,0,0,0,0,0,0,0,0,0,0,0,0,0,0,0,0,0,0,0,0,0,0,0,0,0,0,0,0,0,0,0,0,0,0,0,0,0,0,0,0,0,0,0,0,0,0,0,0,0,0,0,0,0,0,0,0,0,0,1,1,0,0,0,0,1,0,0,0,0,2,2,0,0,0,0,0,0,0,0,0,0,0,0,0,0,0,0,0,0,0,0,0,0,2,0,0,0,0,0,0,0,0,0,1,1
"North Korea/United States of America",Territory,84,"North Korea - South Korea interstate process",Cross-regional,2106,2,"Joint Statement of President Donald J. Trump of the United States of America and Chairman Kim Jong Un of the Democratic People's Republic of Korea at the Singapore Summit",2018-06-12,"Multiparty signed/agreed",1,2894,Inter,Pre,Conf,"President Donald J. Trump of the United States of America;
Chairman Kim Jong Un of the Democratic People's Republic of Korea;",,"Panmunjom Declaration of April 27 2018 ",PRK,USA,731,2,235,,,151,0,0,0,0,0,0,0,0,0,0,0,0,0,0,0,0,0,0,0,0,0,0,0,0,0,0,0,0,0,0,0,0,0,0,0,0,0,0,0,0,0,0,0,0,0,0,0,0,0,0,0,0,0,0,0,0,0,0,0,0,0,0,0,0,0,0,0,0,0,0,0,0,0,0,0,0,0,0,0,0,0,0,0,0,0,0,0,0,0,0,0,0,0,0,0,0,0,0,0,0,0,0,0,0,0,0,0,0,0,0,0,0,0,0,0,0,0,0,0,0,0,0,0,0,0,0,0,0,0,0,0,0,0,0,0,0,0,0,0,0,0,0,0,0,0,0,0,0,0,0,0,0,0,0,0,0,0,0,0,0,0,0,0,0,0,0,0,0,0,0,0,0,0,0,0,0,0,0,0,0,0,0,0,0,0,0,0,0,0,0,0,0,0,0,0,0,0,0,0,0,1,0,0,0,0,0,0,0,0,0,0,0,0,0,0,0,0,0,0,0,0,0,0,0,0,0,0,0,3,0,0,0,0,0,0,0,0,0,0,1
"North Korea/United States of America",Territory,32,"US-North Korea interstate process",Cross-regional,223,1,"Agreed Framework between the United States of America and the Democratic People's Republic of Korea",1994-10-21,"Multiparty signed/agreed",4,6966,Inter,SubPar,Iss,"Robert L. Gallucci, Head of Delegation of the United States of America, Ambassador at Large of the United States of America;
Kang Sok Ju, Head of the Delegation of the Democratic People's Republic of Korea, First Vice-Minister of Foreign Affairs of the Democratic People's Republic of Korea;",,"Page 1,
... Both sides reaffirmed the importance of attaining the objectives contained in the August 12, 1994 Agreed Statement between the U.S. and the DPRK and upholding the principles of the June 11, 1993 Joint Statement of the U.S. and the DPRK to achieve peace and security on a nuclear-free Korean peninsula. The U.S. and the DPRK decided to take the following actions for the resolution of the nuclear issue:

Page 1-2, I. Both sides will cooperate to replace the DPRK’s graphite-moderated reactors and related facilities with light-water reactor (LWR) power plants.
1) In accordance with the October 20, 1994 letter of assurance from the U.S. President, the U.S. will undertake to make arrangements for the provision to the DPRK of a LWR project with a total generating capacity of approximately 2,000 MW(e) by a target date of 2003.
... – As necessary, the U.S. and the DPRK will conclude a bilateral agreement for cooperation in the field of peaceful uses of nuclear energy.

Page 3, III. Both sides will work together for peace and security on a nuclearfree Korean peninsula.
2) The DPRK will consistently take steps to implement the North-South Joint Declaration on the Denuclearization of the Korean Peninsula.

Page 3-4, IV. Both sides will work together to strengthen the international nuclear non proliferation regime.
3) When a significant portion of the LWR project is completed, but before delivery of key nuclear components, the DPRK will come into full compliance with its safeguards agreement with the IAEA (INFCIRC/403), including taking all steps that may be deemed necessary by the IAEA, following consultations with the Agency with regard to verifying the accuracy and completeness of the DPRK’s initial report on all nuclear material in the DPRK.",PRK,USA,731,2,235,,,151,0,0,0,0,0,0,0,0,0,0,0,0,0,0,0,0,0,0,0,0,0,0,0,0,0,0,0,0,0,0,0,0,0,0,0,0,0,0,0,0,0,0,0,0,0,0,0,0,0,0,0,0,0,0,0,0,0,0,0,0,0,0,0,0,0,0,0,0,0,0,0,0,0,0,0,0,0,0,0,0,0,0,0,0,0,0,0,0,0,0,0,0,0,0,0,0,0,0,0,0,0,0,0,0,0,0,0,0,0,0,0,0,0,0,0,0,0,0,0,0,0,0,0,0,0,0,0,0,0,0,0,0,0,0,0,0,0,0,0,0,0,0,0,0,0,0,0,0,0,0,0,0,0,2,0,0,1,0,0,0,0,0,0,0,0,0,0,0,0,0,0,3,1,0,0,0,0,1,1,0,0,0,0,0,0,0,0,0,0,0,0,0,0,0,0,0,0,0,0,0,1,0,0,0,0,0,0,0,0,0,0,0,0,0,0,0,0,0,0,0,0,0,0,0,0,0,0,0,0,0,0,0,0,0,0,0,0,0,1,1
"North Korea/United States of America",Inter-group,84,"North Korea - South Korea interstate process",Cross-regional,1960,2,"Joint Statement of the Democratic People's Republic of Korea and the United States of America",1993-06-11,"Multiparty signed/agreed",1,1777,Inter,SubPar,MultIss,,,,PRK,USA,731,2,235,NA,NA,151,0,0,0,0,0,0,0,0,0,0,0,0,0,0,0,0,0,0,0,0,0,0,0,0,0,0,0,0,0,0,0,0,0,0,0,0,0,0,0,0,0,0,0,0,0,0,0,0,0,0,0,0,0,0,0,0,0,1,0,0,0,0,0,0,1,0,0,0,0,0,0,0,0,0,0,0,0,0,0,0,0,0,0,0,0,0,0,0,0,0,0,0,0,0,0,0,0,0,0,0,0,0,0,0,0,1,0,0,0,0,0,0,0,2,0,0,1,0,0,0,0,0,0,0,0,0,0,0,0,0,0,0,0,0,0,0,0,0,0,0,0,0,0,0,0,0,0,0,0,0,0,0,0,0,0,0,0,0,0,0,0,0,0,0,0,0,0,0,0,0,0,0,0,0,0,0,0,0,0,0,0,0,0,0,0,0,0,0,0,0,0,0,0,0,0,0,0,0,0,0,1,0,0,0,0,0,0,0,0,0,0,0,0,0,0,0,0,0,0,0,0,0,0,0,0,0,0,0,0,0,0,0,0,0,0,0,0,0,0,1
Pakistan/Taliban,Government/territory,86,"Pakistan-Taliban process",Cross-regional,735,1,"Swat Peace Accord",2009-02-16,"Multiparty signed/agreed",1,1131,Intra,SubPar,MultIss,"Taliban; Pakistani Government",,,PAK,,770,,404,,,,2,0,0,1,0,0,0,0,0,0,0,0,0,0,0,0,0,0,0,0,0,0,0,0,0,0,0,0,0,0,0,0,0,0,0,0,0,0,0,0,0,0,0,0,0,0,0,0,0,1,0,0,0,0,0,0,0,0,0,0,0,0,0,0,0,0,0,0,0,0,0,0,1,0,0,0,0,0,0,0,0,0,0,0,0,0,0,0,0,0,0,0,0,0,0,0,0,0,0,0,0,0,0,0,0,0,0,0,0,0,0,0,0,0,0,0,0,0,0,0,0,0,0,0,0,0,0,0,0,0,0,0,0,0,0,0,0,0,0,0,0,0,0,0,0,0,0,0,0,0,0,0,0,1,0,0,1,0,0,0,0,0,0,0,0,0,0,0,0,0,0,0,0,0,0,0,0,0,1,0,0,0,0,0,0,0,0,0,0,0,0,0,0,1,1,0,0,0,0,0,0,1,0,1,1,0,1,1,0,0,0,0,0,0,0,0,0,0,0,0,0,0,0,0,0,0,2,0,0,0,0,0,0,0,0,0,0,0,0,1
Pakistan/Taliban,Government/territory,86,"Pakistan-Taliban process",Cross-regional,734,1,"North West Frontier Province Government’s Agreement with the Taliban",2008-05-21,"Multiparty signed/agreed",2,2457,Intra,SubPar,MultIss,"Pakistani Government; Pakistani Taliban",,,PAK,,770,,404,,,,2,0,0,1,0,0,0,0,0,0,0,0,0,0,0,0,0,0,0,0,0,0,0,0,0,2,0,0,1,0,0,0,0,0,0,0,0,0,0,0,0,0,0,0,0,0,0,0,0,1,0,0,0,0,0,0,0,1,1,0,0,0,0,0,0,0,0,0,0,0,0,0,0,0,0,0,0,0,0,0,0,0,0,0,0,0,0,0,0,0,0,0,0,0,0,0,0,0,0,0,0,0,0,0,0,0,0,0,0,0,0,0,0,0,0,0,0,0,0,0,0,0,0,0,0,0,0,0,0,0,0,0,0,0,0,0,0,0,0,0,0,0,0,0,0,0,0,0,0,0,0,0,0,1,0,0,1,0,0,0,0,0,0,0,0,0,0,0,0,0,1,0,0,0,0,0,0,0,0,0,0,0,0,0,0,0,0,0,0,0,0,0,0,1,1,0,0,0,0,0,1,1,0,1,0,0,1,1,0,0,1,0,0,0,0,0,0,0,0,0,0,0,0,0,0,0,2,0,0,0,1,0,1,0,0,0,0,0,1,1
Pakistan/Taliban,Inter-group,86,"Pakistan-Taliban process",Cross-regional,1688,1,"Ahmadzai Wazir Wana Peace Agreement ",2007-04-15,"Multiparty signed/agreed",1,1735,IntraLocal,SubPar,MultIss,"Ahmadzai Wazir Tribe of Waziristan; 
Wana Taliban led by Mullah Nazir Ahmad and his commanders: Hakimullah(?), Meetha Khan, Malang and Abd-ul-Hannan(?)
[50+ Signatories, names illegible]",,,PAK,,770,,404,,,932,0,0,0,0,0,0,0,0,0,0,0,0,0,0,0,0,0,0,0,0,0,0,0,0,0,0,0,0,0,0,0,0,0,0,0,0,0,0,0,0,0,0,0,0,0,0,0,0,0,0,0,0,0,0,0,0,0,0,0,0,0,0,0,0,0,0,0,0,0,0,0,0,0,0,0,0,0,0,0,0,0,0,0,0,0,0,0,0,0,0,0,0,0,0,0,0,0,0,0,0,0,0,0,0,0,0,0,0,0,0,0,0,0,0,0,0,0,0,0,0,0,0,0,0,0,0,0,0,0,0,0,0,0,0,0,0,0,0,0,0,0,0,0,0,0,0,0,0,0,0,0,0,0,0,0,0,0,0,0,0,0,0,0,1,1,0,0,0,0,0,0,0,0,0,0,0,0,0,0,0,0,0,0,0,0,0,0,0,0,0,0,0,0,0,0,0,0,0,0,0,1,0,0,0,0,0,0,0,0,0,0,0,2,2,0,1,0,0,0,0,0,0,0,0,0,0,0,0,0,0,0,0,0,0,0,0,0,0,0,1
Pakistan/Taliban,Inter-group,86,"Pakistan-Taliban process",Cross-regional,1530,1,"Peace Agreement in North Waziristan (Miranshah Peace Accord)",2006-09-05,"Multiparty signed/agreed",4,10018,Intra,SubPar,MultIss,"Party No.1:         The Political Agent North Waziristan representing the Governor of NWFP and the Federal government (of Pakistan)

Party No.2.:        Tribal elders of North Waziristan of Utmanzai tribe.
",,,PAK,,770,,404,,,,1,1,0,0,0,0,0,0,0,0,0,0,0,0,0,0,0,0,0,0,1,1,0,0,0,0,0,0,0,0,0,0,0,0,0,0,0,0,0,0,1,1,0,0,0,0,0,0,0,1,0,0,0,0,0,0,0,1,0,1,0,0,0,0,0,0,1,1,1,0,0,0,0,0,0,0,0,0,0,1,0,0,0,0,0,0,0,0,0,0,0,0,0,0,0,0,0,0,0,0,0,0,0,0,0,1,0,0,0,0,0,0,0,0,0,0,0,0,0,0,0,0,0,0,0,0,0,0,0,0,0,0,0,0,0,0,0,0,0,0,0,0,0,0,0,0,0,0,0,0,0,1,0,0,0,0,0,0,0,0,0,0,0,0,0,0,0,0,0,0,1,1,1,0,0,0,0,0,1,0,0,0,0,0,0,0,0,0,0,0,0,0,0,0,0,0,0,0,0,0,1,0,0,0,1,0,0,0,0,0,1,1,0,0,0,1,0,0,0,0,0,0,2,1,0,0,2,0,1,0,2,0,1,0,0,0,0,0,1,1
Pakistan/Taliban,Government/territory,86,"Pakistan-Taliban process",Cross-regional,1532,1,"Srarogha Peace Agreement",2005-02-07,"Unilateral document",1,2336,Intra,Imp,ExtPar,"Baitullah Mehsud [Commander of  Tehrik-i-Taliban Pakistan]; 
21-member tribal committee and members of Jirga Mehsud Tribe; South Waziristan Agency.",,,PAK,,770,,404,,,,0,0,0,0,0,0,0,0,0,0,0,0,0,0,0,0,0,0,0,0,0,0,0,0,0,0,0,0,0,0,0,0,0,0,0,0,0,0,0,0,0,0,0,0,0,0,0,0,0,0,0,0,0,0,0,0,0,0,0,0,0,0,0,0,0,0,0,0,0,0,0,0,0,0,0,0,0,0,0,0,0,0,0,0,0,0,0,0,0,0,0,0,0,0,0,0,0,0,0,0,0,0,0,0,0,0,0,0,0,0,0,0,0,0,0,0,0,0,0,0,0,0,0,0,0,0,0,0,0,0,0,0,0,0,0,0,0,0,0,0,0,0,0,0,0,0,0,0,0,0,0,0,0,0,0,0,0,0,0,0,0,0,0,1,0,0,1,0,0,0,1,0,0,0,0,0,0,0,0,0,0,0,0,0,0,0,0,0,0,0,0,0,0,0,0,0,0,0,0,0,1,1,0,1,0,0,0,0,0,0,1,1,0,0,0,0,0,2,1,0,0,0,0,0,0,0,0,0,0,0,0,0,0,0,0,0,0,0,1,1
Pakistan/Taliban,Government/territory,86,"Pakistan-Taliban process",Cross-regional,1531,1,"Shakai Peace Agreement",2004-07-05,"Multiparty signed/agreed",1,1961,Intra,SubPar,Iss,"The members and elders of tribe Isperka, Musa Khel, [six tribe names illegible], residents of the territory of Shakai, District Wana; South Waziristan Agency.
[Three Signatories]",,,PAK,,770,,404,,,,0,0,0,0,0,0,0,0,0,0,0,0,0,0,0,0,0,0,0,0,0,0,0,0,0,0,0,0,0,0,0,0,0,0,0,0,0,0,0,0,0,0,0,0,0,0,0,0,0,0,0,0,0,0,0,0,0,0,0,0,0,0,0,0,0,0,0,0,0,0,0,0,0,0,0,0,0,0,0,0,0,0,0,0,0,0,0,0,0,0,0,0,0,0,0,0,0,0,0,0,0,0,0,0,0,0,0,0,1,0,0,0,1,0,0,0,0,0,0,0,0,0,0,0,0,0,0,0,0,0,0,0,0,1,1,0,0,0,0,0,0,0,0,0,0,0,0,0,0,0,0,1,0,0,0,0,0,0,0,0,0,0,0,0,0,0,0,0,0,0,0,1,1,0,0,0,0,0,0,0,0,0,0,0,0,0,0,0,0,0,0,0,0,0,0,0,0,0,0,0,1,0,0,0,0,0,0,0,0,0,0,0,0,0,0,1,0,0,0,0,0,0,0,0,0,0,0,0,0,0,0,0,0,0,0,0,0,0,0,1
Russia/Syria/Turkey,Government/territory,115,"Syrian peace process",Cross-regional,2273,4,"Additional Protocol to the Memorandum on Stabilization of the Situation in the Idlib De-Escalation Area",2020-03-05,"Multiparty signed/agreed",1,2473,InterIntra,Cea,Ceas,"Republic of Turkey
Russian Federation",,"Memorandum on the Creation of De-Escalation Areas in the Syrian Arab Republic as of May 4, 2017 
Memorandum on Stabilization of the Situation in the Idlib De-Escalation Area as of September 17, 2018",SYR,,652,,299,NA,NA,NA,0,0,0,0,0,0,0,0,0,0,0,0,0,0,0,0,0,0,0,0,0,0,0,0,0,0,0,0,0,0,0,0,0,0,0,0,0,0,0,0,1,1,0,0,0,0,0,0,0,0,0,0,0,0,0,0,0,1,1,0,0,0,0,0,0,0,0,0,0,0,0,0,0,0,0,0,0,0,0,0,0,0,0,0,0,0,0,0,0,0,0,0,0,0,0,0,0,0,0,0,0,0,0,0,0,0,0,0,1,1,0,0,0,0,0,0,0,0,0,0,0,0,0,0,0,0,0,0,0,0,0,0,0,0,0,0,0,0,0,0,0,0,0,0,0,0,0,0,0,0,0,1,0,0,0,0,0,0,0,0,0,0,0,0,0,0,0,0,0,0,0,1,0,1,0,0,0,0,0,0,0,0,0,0,0,0,0,0,0,0,0,0,0,0,0,0,0,0,0,0,0,3,1,0,0,0,0,0,0,0,0,0,0,0,0,1,0,0,0,0,0,0,0,0,0,0,0,0,0,0,0,0,0,0,0,1,0,1,0,1
Russia/Syria/Turkey,Government/territory,115,"Syrian peace process",Cross-regional,2274,4,"Memorandum of Understanding Between Turkey and the Russian Federation ",2019-10-22,"Multiparty signed/agreed",2,2040,InterIntra,Cea,CeaMix,"Republic of Turkey
Russian Federation",," Adana Agreement
Astana Mechanism",SYR,,652,,299,NA,NA,NA,0,0,0,0,0,0,0,0,0,0,0,0,0,0,0,0,0,0,0,0,0,0,0,0,0,0,0,0,0,0,0,0,0,0,0,0,0,0,0,0,2,0,1,0,0,0,0,0,0,0,0,0,0,0,0,0,0,1,0,1,0,0,0,0,0,0,0,0,0,0,0,0,0,0,0,0,0,0,0,0,0,0,0,0,0,0,0,0,0,0,0,0,0,0,0,0,0,0,0,0,0,0,0,0,0,0,0,0,0,0,0,0,0,0,0,0,0,0,0,0,0,0,0,0,0,0,0,0,0,0,0,0,0,0,0,0,0,0,0,0,0,0,0,0,0,0,0,0,0,0,0,0,0,0,0,0,0,0,0,0,0,0,0,0,0,0,0,0,0,0,0,0,0,0,0,0,0,0,0,0,0,0,0,0,0,0,0,0,0,0,0,0,0,0,0,0,0,0,0,0,0,0,0,0,2,0,3,1,0,0,0,0,0,0,0,1,0,0,0,0,0,0,0,0,0,0,0,0,0,0,0,0,0,0,0,1,0,1,1,1
Russia/Syria/Turkey,Government,115,"Syrian peace process",Cross-regional,2169,2,"Memorandum on Stabilisation of the Situation in the Idlib De-escalation Area",2018-09-17,"Multiparty signed/agreed",1,2038,InterIntra,Imp,ImpMod,"Republic of Turkey;
Russian Federation",,"- guided by memorandum on creation of de-escalation areas in the Syrian Arab Republic as of May 4, 2017 and arrangements achieved in the Astana Process",SYR,,652,,299,NA,NA,NA,0,0,0,0,0,0,0,0,0,0,0,0,0,0,0,0,0,0,0,0,0,0,0,0,0,0,0,0,0,0,0,0,0,0,0,0,0,0,0,0,0,0,0,0,0,0,0,0,0,0,0,0,0,0,0,0,0,0,0,0,0,0,0,0,0,0,0,0,0,0,0,0,0,0,0,0,0,0,0,0,0,0,0,0,0,0,0,0,0,0,0,0,0,0,0,0,0,0,0,0,0,0,0,0,0,0,0,0,0,0,0,0,0,0,0,0,0,0,0,0,0,0,0,0,0,0,0,0,0,0,0,0,0,0,0,0,0,0,0,0,0,0,0,0,0,0,0,0,0,0,0,1,0,0,0,0,0,0,0,0,0,0,0,0,0,0,0,0,0,0,0,0,0,0,0,0,0,0,0,0,0,0,0,0,0,0,0,0,0,0,0,0,0,0,0,0,0,0,0,0,0,3,1,1,0,0,1,1,0,0,0,0,0,0,0,1,0,0,0,0,0,0,0,0,0,0,0,0,0,0,0,0,0,0,0,0,0,1,0,1
